name,address,latitude,longitude,operating_hours,source
남대문로5가점,"중구 세종대로 8-1, (남대문로5가)",37.557567937666214,126.97339543600133,24시간,climate_shelter
경희당점,종로구 경희궁길 36 (신문로2가),37.572882662688514,126.97003193800425,24시간,climate_shelter
동숭아트점,종로구 동숭길 114 (동숭동) 1층 CU,37.58318972069427,127.00383330800078,24시간,climate_shelter
동묘토성점,종로구 지봉로4길 21,37.57132312468373,127.0169862720035,24시간,climate_shelter
행당삼부소월점,성동구 왕십리로 284 (행당동) 1층 CU,37.55971923267574,127.03688854499921,24시간,climate_shelter
자양차이나점,광진구 뚝섬로23가길 17 1층 CU,37.53803442364836,127.06540240899847,24시간,climate_shelter
전농우성점,"동대문구 사가정로 190, 상가(전농동, 전농우성아파트) 2층",37.57807510368914,127.06638489599978,24시간,climate_shelter
장안관광호텔점,"동대문구 천호대로 377, (장안동)",37.56233426367706,127.06098863800156,24시간,climate_shelter
군자초교점,동대문구 천호대로77길 22 1층 CU,37.5631275786794,127.06139116000016,24시간,climate_shelter
답십리점,동대문구 답십리동 서울시립대로2길 60 (답십리동) 1층 CU,37.57253573568366,127.04895290700253,24시간,climate_shelter
CU중랑동부점,"중랑구 중랑천로10길 48, (면목동)",37.59210131470713,127.07569547000246,24시간,climate_shelter
망우경남점,중랑구 양원역로 37 경남아파트 1층 1동 1호 1층 CU,37.60425767771968,127.10644202599806,24시간,climate_shelter
CU안암센트럴점,성북구 고려대로28길 16 안암랜드빌딩 (안암동5가),37.58556072869521,127.03060194600403,24시간,climate_shelter
동선대로점,성북구 동소문로27길 1 (동선동4가) 1층 CU,37.594648602713264,127.01882313500191,24시간,climate_shelter
창동그랜드점,도봉구 해등로 119 (창동),37.654202803773764,127.04058058300161,24시간,climate_shelter
도봉무수골점,도봉구 도봉로173길 40 (도봉동),37.67965179279984,127.04153193100366,24시간,climate_shelter
방학삼익점,도봉구 도당로 36 1층 CU,37.66121880778371,127.03500812800291,24시간,climate_shelter
상계불암점,노원구 덕릉로94길 21 상계불암대림아파트 1층 CU,37.663548717779186,127.07663115600106,24시간,climate_shelter
중계주공3&4단지점,노원구 한글비석로 325 1층 CU,37.65643470777536,127.07772090000354,24시간,climate_shelter
서대문센트럴점,서대문구 이화여대8길 62 (북아현동) 두산아파트 B1층 상가동 05호,37.55965076866771,126.94989758700163,24시간,climate_shelter
신촌르메이에르점,"서대문구 신촌로 127, 메이에르타 (창천동)",37.55646401766897,126.93999245100564,24시간,climate_shelter
마포아이비점,"마포구 서강로 136 (노고산동, 아이비타워) 지하1층 B101호",37.554106888666574,126.93580122999576,24시간,climate_shelter
마포센트럴점,마포구 대흥로24길 7 (대흥동) NK빌딩 1층,37.55446782166481,126.94644985799768,24시간,climate_shelter
홍대상상점,마포구 잔다리로 25 (서교동) 1층 1동 101호,37.55084558166434,126.9200695519971,24시간,climate_shelter
신목동점,양천구 신목로5길 13 1층 CU,37.51762341462536,126.87247712199671,24시간,climate_shelter
방화리치점,강서구 방화동로 107 (방화동) 1층 CU,37.56996281868532,126.81261195099577,24시간,climate_shelter
관악푸른점,"관악구 낙성대역길 61 (봉천동, 킹스빌리지) 킹스빌리지 1층",37.475245883581366,126.96249031499505,24시간,climate_shelter
관악우체국점,관악구 남부순환로187길 9 (신림동) 1층 CU,37.48526626558812,126.93336730400472,24시간,climate_shelter
관악인헌길점,관악구 인헌12길 42 태양빌라 1층 CU,37.47076889257384,126.96503721000438,24시간,climate_shelter
CU상도삼호점,동작구 상도로 407-5 삼호아파트 상가동 지하1층 101호,37.493259426600616,126.95662989100155,24시간,climate_shelter
방배롯데캐슬점,서초구 방배중앙로29길 25 (방배동) 1층 CU,37.496400787605445,126.98403393800047,24시간,climate_shelter
서초센트럴점,서초구 반포대로18길 36 (서초동) 서초센트럴아이파크 상가 1층 CU,37.48721335659873,127.01149278399929,24시간,climate_shelter
역삼점,"강남구 테헤란로51길 10, (역삼동)",37.5047872346116,127.0469938019959,24시간,climate_shelter
BGF사옥점,강남구 테헤란로63길 9,37.505787665612495,127.05011125500504,24시간,climate_shelter
논현역드림점,"강남구 강남대로 570, (논현동)",37.51284422162065,127.02095522999726,24시간,climate_shelter
타워팰리스점,"강남구 언주로30길 56, 상가시설내 104(도곡동, 타워팰리스)",37.488625328595774,127.05408188200093,24시간,climate_shelter
문정훼밀리점,송파구 중대로 60-6 (문정동),37.49124903259689,127.11565246700022,24시간,climate_shelter
마천중앙점,송파구 마천로43길 32-1,37.499304170606344,127.15021901800067,24시간,climate_shelter
마천파크점,송파구 성내천로47길 23 경진빌딩 (마천동) 경진빌딩,37.495140107601046,127.1577904510046,24시간,climate_shelter
성내시네마점,강동구 올림픽로62길 23 1층 CU,37.5365577946516,127.12414962600049,24시간,climate_shelter
GS25건국점,서울 광진구 광나루로24길 14,37.54564597065622,127.07624843599764,24시간,climate_shelter
GS25월계성북역점,노원구 석계로 103(월계1동 410-7),37.62287566273489,127.06071902599867,24시간,climate_shelter
GS25홍은중앙로점,"서대문구 홍은중앙로 115, 1층 (홍은동 9-307)",37.60073155671242,126.94875858000017,24시간,climate_shelter
GS25목동대일점,"양천구 목동중앙남로11길 26, 1층 (목3동 719-27)",37.539372028650654,126.86452092299871,24시간,climate_shelter
GS25발산행복점,"강서구 강서로50길 16, 1층 (내발산동 665)",37.55515574866397,126.83814484299741,24시간,climate_shelter
GS25발산사랑점,"강서구 우장산로2길 21, 1층 (내발산동 670-50)",37.55380416966782,126.8376648299948,24시간,climate_shelter
GS25염창행복점,"강서구 공항대로81길 35, 1층 103호 (염창동 262, 염창투웨니퍼스트)",37.54876243866409,126.87598075900556,24시간,climate_shelter
GS25강서퍼스트점,"강서구 마곡중앙2로 35, 상가 105호, 106호 (마곡동 800-15)",37.55798909167088,126.8306236230014,24시간,climate_shelter
GS25고척사랑점,"구로구 경인로47다길 8, 1층 101호 (고척1동 46-21)",37.503406898610834,126.86415085600171,24시간,climate_shelter
GS25당산스타점,"영등포구 영신로 219, 106호(당산동4가 1-2, 코오롱스타폴리스)",37.527388757635364,126.90284337600227,24시간,climate_shelter
GS25대림그랜드점,"영등포구 대림로 198, 101호 (대림동 689-1, 대경빌딩)",37.49850260160427,126.89862643799849,24시간,climate_shelter
GS25더관악점,"관악구 남부순환로 1599-3, 1층 (신림동 1433-51)",37.48451607059543,126.92825925499977,24시간,climate_shelter
GS25개포럭키점,강남구 개포로20길 12(개포4동 1232),37.47793568558385,127.04726125199791,24시간,climate_shelter
GS25도곡신호점,"강남구 도곡로 184, 1층 101호 (도곡1동 544, 신호빌딩)",37.491708443599805,127.0397372739997,24시간,climate_shelter
GS25DXLAB점,"강남구 테헤란로 223, 1층 101호 (역삼동 677-25, 큰길타워빌딩)",37.5024177436079,127.04066585399771,24시간,climate_shelter
GS25역삼홍인점,"강남구 봉은사로30길 43, 지하1층 (역삼동 666-15)",37.50475389361545,127.03624062099931,24시간,climate_shelter
GS25파르나스타워점,"강남구 테헤란로 521, 1층 (T1) (삼성동 159-8)",37.509174516615914,127.06062524599437,24시간,climate_shelter
GS25강남동원점,"강남구 테헤란로77길 7(삼성2동 143-28, 동원빌딩)",37.50692619361854,127.05449583800458,24시간,climate_shelter
압구정갤러리아,서울 강남구 압구정로 344(신사동),37.52770121863517,127.03985032500478,09~16시,climate_shelter
신한은행(신사동),서울특별시 강남구 강남대로 606,37.51583019762723,127.02014698200273,09~16시,climate_shelter
압구정역,서울특별시 강남구 압구정로 152,37.52560718763419,127.0261063790038,09~16시,climate_shelter
압구정중앙,서울특별시 강남구 압구정로 220,37.52831583963998,127.03154116399556,09~16시,climate_shelter
학동,서울특별시 강남구 도산대로 221,37.52103642063192,127.03090220400543,09~16시,climate_shelter
영동,"서울특별시 강남구 언주로 709,(송암빌딩)",37.516791525627106,127.03492277100196,09~16시,climate_shelter
도산대로,서울특별시 강남구 도산대로 318,37.521841923631804,127.03689511200392,09~16시,climate_shelter
청담동,서울 강남구 도산대로 506,37.523938217635724,127.04824439599625,09~16시,climate_shelter
강남구청역,서울특별시 강남구 학동로 402,37.51697594562229,127.04178903099856,09~16시,climate_shelter
무역센터금융센터,서울 강남구 영동대로 513(삼성동),37.51201834861671,127.05903701899686,09~16시,climate_shelter
삼성역,서울특별시 강남구 테헤란로 516,37.507412812616984,127.06007925500445,09~16시,climate_shelter
봉은사로,서울특별시 강남구 봉은사로 609,37.51474428362434,127.06148832800372,09~16시,climate_shelter
테헤란로금융센터,"서울특별시 강남구 테헤란로 429,(원방빌딩)",37.506443723613636,127.05393738399677,09~16시,climate_shelter
선릉,"서울특별시 강남구 테헤란로 329,(삼흥빌딩)",37.50453281261499,127.04769386799657,09~16시,climate_shelter
선릉중앙,"서울특별시 강남구 테헤란로 410,(금강타워)",37.504555697611735,127.05072938699442,09~16시,climate_shelter
논현동,서울특별시 강남구 강남대로 468,37.504155757610995,127.02514549700149,09~16시,climate_shelter
강남중앙,서울특별시 강남구 테헤란로 146,37.500016865608885,127.03547099799637,09~16시,climate_shelter
GS타워,"서울특별시 강남구 논현로 508,(GS강남타워)",37.50200178061456,127.03747601000288,09~16시,climate_shelter
대치동,서울특별시 강남구 삼성로 238,37.49861089160495,127.06140623099465,09~16시,climate_shelter
대치역,서울특별시 강남구 삼성로 150(대치동),37.494230415602814,127.07042564300227,09~16시,climate_shelter
일원역,"서울특별시 강남구 일원로 120,(극동,현대아파트단지상가)",37.48481786559337,127.08316566500325,09~16시,climate_shelter
삼성서울병원,서울 강남구 일원로 81,37.48852150659324,127.08667125900547,09~16시,climate_shelter
도곡,"서울특별시 강남구 역삼로 310,(한솔필리아)",37.49921638460509,127.04843592199947,09~16시,climate_shelter
개포동,"서울특별시 강남구 개포로 307,(우성아파트단지상가)",37.48386101159131,127.05697701599874,09~16시,climate_shelter
도곡역,서울특별시 강남구 남부순환로 2912,37.490716179601264,127.05612503300047,09~16시,climate_shelter
군인공제회관,"서울특별시 강남구 남부순환로 2806,(군인공제회관)",37.48911294159503,127.05293379199982,09~16시,climate_shelter
반포남금융센터,서울특별시 서초구 서초중앙로 238,37.50279218160734,127.01197849599765,09~16시,climate_shelter
반포중앙,서울 서초구 잠원로3길 40(잠원동),37.508254379614634,127.00364425199939,09~16시,climate_shelter
잠원동,"서울특별시 서초구 잠원로14길 29,(롯데복지센터빌딩)",37.51785572262902,127.0154624249961,09~16시,climate_shelter
반포서래,서울특별시 서초구 서래로 23,37.49711909060742,126.99808210800289,09~16시,climate_shelter
반포래미안,"서울특별시 서초구 반포대로 287,(래미안퍼스티지중심상가)",37.50432802461095,127.00108835499626,09~16시,climate_shelter
서초중앙,서울특별시 서초구 효령로 285,37.48514642559173,127.01535879900193,09~16시,climate_shelter
서초동,서울특별시 서초구 반포대로 101,37.489314966599636,127.00855224500108,09~16시,climate_shelter
교대역,서울특별시 서초구 서초대로 314,37.493892035602066,127.01607663500427,09~16시,climate_shelter
강남역금융센터,서울특별시 서초구 서초대로 398,37.496636057603325,127.02510449500234,09~16시,climate_shelter
역삼동,"서울특별시 강남구 강남대로 314,(서우빌딩)",37.49133349159537,127.03171174600524,09~16시,climate_shelter
강남대로,서울 서초구 강남대로 327(대륭서초타워),37.49206403159513,127.02979585099551,09~16시,climate_shelter
양재역금융센터,"서울특별시 강남구 강남대로 240,(SK허브프리모)",37.485276419594314,127.03438550699751,09~16시,climate_shelter
양재동,"서울특별시 서초구 논현로 87,(삼호물산빌딩)",37.47756268458539,127.04421440200304,09~16시,climate_shelter
현대모터타운,"서울특별시 서초구 헌릉로 12,(현대기아자동차빌딩)",37.463673489565416,127.04204266900156,09~16시,climate_shelter
방배,서울특별시 서초구 방배로 148,37.48720580159059,126.99428929599927,09~16시,climate_shelter
이수역,서울특별시 서초구 서초대로 6,37.48519553059007,126.98299202100506,09~16시,climate_shelter
사당,서울특별시 동작구 동작대로 35,37.479618413582735,126.98135702200108,09~16시,climate_shelter
동부법원,서울 송파구 법원로 101(문정동),37.48424429459255,127.12012904499964,09~16시,climate_shelter
남부법원,서울특별시 양천구 신월로 386,37.521644902635295,126.86360852900552,09~16시,climate_shelter
법조타운,"서울특별시 서초구 법원로 15,(정곡빌딩)",37.49416067459985,127.01000043599657,09~16시,climate_shelter
서부법원,"서울특별시 마포구 마포대로 174,(서울서부지원)",37.5491142766577,126.95558786500347,09~16시,climate_shelter
상봉역금융센터,서울특별시 중랑구 면목로 460,37.59304085770478,127.08660945300205,09~16시,climate_shelter
장한평역금융센터,서울특별시 동대문구 천호대로 425,37.561815942674585,127.06646858100288,09~16시,climate_shelter
답십리,서울특별시 동대문구 전농로 22,37.56671078967737,127.05673888200383,09~16시,climate_shelter
장안동,"서울 동대문구 장한로 119(장안동,장안삼성쉐르빌)",37.57143783768288,127.07012843900372,09~16시,climate_shelter
사가정역,서울특별시 중랑구 면목로 342,37.58240079069394,127.08879134199945,09~16시,climate_shelter
중화역,서울특별시 중랑구 동일로 796,37.60148622371629,127.07998322599845,09~16시,climate_shelter
뚝섬역금융센터,서울 성동구 아차산로 33,37.54721337765498,127.04832881100505,09~16시,climate_shelter
행당동,서울특별시 성동구 고산자로 202,37.55824630566681,127.03440714399659,09~16시,climate_shelter
성수동,서울특별시 성동구 아차산로7길 21,37.54713781765592,127.05479718099816,09~16시,climate_shelter
성동,서울특별시 중구 왕십리로 407,37.564746298678934,127.025144234998,09~16시,climate_shelter
한양대학교,"서울특별시 성동구 마조로 22-2,(한양대학교 동문회관)",37.559492166672634,127.04134086499626,09~16시,climate_shelter
스타시티금융센터,"서울특별시 광진구 아차산로 272,(스타시티)",37.53841317365038,127.07319418899489,09~16시,climate_shelter
군자역,서울특별시 광진구 천호대로 553,37.557412580669805,127.07992048999483,09~16시,climate_shelter
테크노마트,"서울특별시 광진구 광나루로56길 85,(테크노마트)",37.535652448645905,127.0957406030001,09~16시,climate_shelter
자양동,서울특별시 광진구 자양로 95,37.536235845647035,127.08319830800515,09~16시,climate_shelter
광장동,서울특별시 광진구 아차산로 506,37.54149000764927,127.0977255639945,09~16시,climate_shelter
건국대학교,"서울특별시 광진구 능동로 120,(건국대학교)",37.543416620654874,127.07818913100486,09~16시,climate_shelter
잠실금융센터,"서울특별시 송파구 올림픽로 319,(새마을교통회관)",37.515631065627595,127.10560102800136,09~16시,climate_shelter
서잠실,"서울특별시 송파구 올림픽로 106,(상록빌딩)",37.51137369862109,127.08256298500561,09~16시,climate_shelter
잠실나루역,"서울특별시 송파구 올림픽로 435,(파크리오아파트)",37.51914963262894,127.10523729299929,09~16시,climate_shelter
잠실롯데캐슬,"서울특별시 송파구 올림픽로 269,(롯데캐슬프라자)",37.514457226624984,127.10057284299714,09~16시,climate_shelter
갤러리아팰리스,"서울특별시 송파구 올림픽로 212,(갤러리아팰리스단지상가)",37.51139108661602,127.09355468000484,09~16시,climate_shelter
가락동금융센터,서울 송파구 송파대로 268(가락동),37.493720653597826,127.11834620700076,09~16시,climate_shelter
잠실남,"서울특별시 송파구 석촌호수로 133,(레이크팰리스단지상가)",37.50765210261235,127.09178746199491,09~16시,climate_shelter
오금동,"서울특별시 송파구 오금로35길 17,(현대아파트)",37.50400640361254,127.12569868099736,09~16시,climate_shelter
송파,서울특별시 송파구 송파대로 345(가락동),37.497607840602996,127.10249459499778,09~16시,climate_shelter
강동금융센터,"서울특별시 강동구 올림픽로 674,(로석빌딩)",37.541463651656315,127.12479497299867,09~16시,climate_shelter
길동,서울특별시 강동구 양재대로 1464,37.536520244649175,127.1397873080049,09~16시,climate_shelter
풍납동,서울특별시 송파구 토성로 58,37.52902064564096,127.11607447000019,09~16시,climate_shelter
둔촌동,서울특별시 강동구 양재대로 1315,37.5238376446379,127.13429327899819,09~16시,climate_shelter
고덕동,서울 강동구 고덕로 353(고덕동),37.55723610267348,127.16468304199508,09~16시,climate_shelter
명일역,서울특별시 강동구 구천면로 427,37.55051753866279,127.14612167999711,09~16시,climate_shelter
굽은다리역,서울 강동구 양재대로 1568(명일동),37.54539332066089,127.14320754000471,09~16시,climate_shelter
문정역금융센터,서울 송파구 송파대로 167,37.48466685058814,127.12086583300128,09~16시,climate_shelter
올림픽선수촌,"서울 송파구 양재대로 1222(방이동/중심상가,A상가)",37.51577632362677,127.13148624399855,09~16시,climate_shelter
개롱역,"서울특별시 송파구 오금로 396,(에스케이허브파크)",37.497954369604976,127.1342240050003,09~16시,climate_shelter
신내동,"서울특별시 중랑구 봉화산로 194,(신아타운)",37.606439423721135,127.0946769970055,09~16시,climate_shelter
한남동금융센터,"서울특별시 용산구 한남대로 59,(남한빌딩)",37.5340066206435,127.00670112700112,09~16시,climate_shelter
용산전자,서울특별시 용산구 원효로 153,37.534967131643285,126.95992752299446,09~16시,climate_shelter
이태원,"서울특별시 용산구 이태원로 179,(헤밀톤호텔)",37.534726107646485,126.99416740300208,09~16시,climate_shelter
동부이촌동,서울특별시 용산구 이촌로 293,37.518480683630926,126.97941992599972,09~16시,climate_shelter
용산,서울 용산구 한강대로 95,37.52884898464045,126.9666286230033,09~16시,climate_shelter
공덕금융센터,"서울 마포구 백범로 192,(S-OIL본사 사옥2층)",37.54323672465643,126.95160559700484,09~16시,climate_shelter
마포,"서울특별시 마포구 마포대로 136,(지방재정공제회관)",37.546382703655105,126.95325905800507,09~16시,climate_shelter
대흥역,서울특별시 마포구 백범로 88,37.547946127660026,126.94111155099516,09~16시,climate_shelter
마포중앙,"서울특별시 마포구 마포대로 68,(마포아크로타워,신한은행마포중앙)",37.541342225652976,126.94889748099786,09~16시,climate_shelter
숙명여자대학교,서울특별시 용산구 청파로47가길 6,37.544630974653025,126.96671347400058,09~16시,climate_shelter
광화문,서울특별시 중구 세종대로 135-5,37.56861226267968,126.97645436699734,09~16시,climate_shelter
효자동,서울특별시 종로구 자하문로 61,37.58133237769411,126.97061006099834,09~16시,climate_shelter
경희궁,"서울특별시 종로구 새문안로3길 23,(경희궁의아침4단지4단지교보문고사옥)",37.57263076768276,126.97244086499563,09~16시,climate_shelter
상암동금융센터,"서울특별시 마포구 월드컵북로 361,(DMC이안상암2단지)",37.57710625269471,126.89140638199466,09~16시,climate_shelter
서교동,서울특별시 마포구 양화로 111,37.55379263866357,126.91910972699641,09~16시,climate_shelter
합정역,서울 마포구 월드컵로3길 14(합정동),37.55103592466157,126.91234368700269,09~16시,climate_shelter
홍익대학교,서울 마포구 와우산로 94(상수동),37.54953517366357,126.92472227299952,09~16시,climate_shelter
구파발역금융센터,서울 은평구 진관2로 15-8,37.63540805975543,126.91956761300312,09~16시,climate_shelter
남가좌동,서울 서대문구 수색로 56,37.57091156368162,126.91224578100221,09~16시,climate_shelter
연신내,서울특별시 은평구 통일로 845,37.61856688673876,126.92105498700417,09~16시,climate_shelter
응암동,"서울특별시 은평구 은평로 136,(은경빌딩)",37.60027541271466,126.92304283300086,09~16시,climate_shelter
불광동,서울 은평구 통일로 730,37.61084394272509,126.930104749003,09~16시,climate_shelter
충정로금융센터,"서울특별시 서대문구 충정로 8,(종근당빌딩)",37.55967420167612,126.96320237400555,09~16시,climate_shelter
서대문역,서울특별시 서대문구 충정로 77,37.565542536673725,126.96598329100232,09~16시,climate_shelter
이대역,서울특별시 서대문구 신촌로 183,37.55706352467042,126.94630712800132,09~16시,climate_shelter
신촌,서울특별시 마포구 신촌로 94,37.554995307667845,126.93600209400299,09~16시,climate_shelter
홍제동,"서울특별시 서대문구 통일로 433,(조이빌딩)",37.58758035370378,126.94508137000071,09~16시,climate_shelter
이화여자대학교,"서울특별시 서대문구 이화여대길 52,(ECC관)",37.563424367678635,126.94758777799957,09~16시,climate_shelter
역촌동,"서울특별시 은평구 연서로 73,(금현빌딩)",37.605598149721466,126.91509295499485,09~16시,climate_shelter
보라매역금융센터,서울특별시 동작구 상도로 1,37.500237809604926,126.92074964199666,09~16시,climate_shelter
서울대역센터,서울특별시 관악구 남부순환로 1778,37.48152878058574,126.94749770600563,09~16시,climate_shelter
상도역,서울특별시 동작구 상도로 241,37.50533611961269,126.94557509199512,09~16시,climate_shelter
노량진역,"서울특별시 동작구 만양로 105,(한교고시학원)",37.512918975621936,126.94399917600266,09~16시,climate_shelter
보라매,"서울특별시 동작구 보라매로5가길 24,(보라매나산스위트)",37.49041818359877,126.92391414099737,09~16시,climate_shelter
서울대학교,"서울특별시 관악구 관악로 1,(서울대학교 학생회관)",37.459141062563,126.95068706299789,09~16시,climate_shelter
독산동금융센터,서울특별시 금천구 시흥대로 446,37.473278704576146,126.89878497300414,09~16시,climate_shelter
구로디지털금융센터,"서울특별시 구로구 디지털로 272,(한신아이티타워ITTOWER)",37.48250835359099,126.89443443500197,09~16시,climate_shelter
대림동,서울특별시 영등포구 시흥대로 617,37.4876489835925,126.90484877099526,09~16시,climate_shelter
시흥동,서울특별시 금천구 시흥대로 230,37.45442827555553,126.90124943400296,09~16시,climate_shelter
구로역금융센터,서울 구로구 경인로 557(구로동),37.503117030609715,126.87901657399605,09~16시,climate_shelter
개봉동,서울특별시 구로구 경인로 323,37.497649337604464,126.85616529999534,09~16시,climate_shelter
중앙유통단지,"서울특별시 구로구 경인로53길 15,(중앙유통단지업무)",37.50203222760883,126.87611712899712,09~16시,climate_shelter
디지털중앙,"서울특별시 금천구 가산디지털1로 186,(제이플라츠)",37.48191517959161,126.8815966169988,09~16시,climate_shelter
여의도중앙,"서울특별시 영등포구 여의나루로 57,(신송센터빌딩)",37.52304685063059,126.92561465099499,09~16시,climate_shelter
여의도,"서울특별시 영등포구 국제금융로8길 25,(주택건설회관빌딩)",37.520327941626874,126.92847774199959,09~16시,climate_shelter
KBS,서울특별시 영등포구 여의공원로 13,37.52632338863251,126.91567931700192,09~16시,climate_shelter
서여의도,"서울특별시 영등포구 국회대로70길 19,(대하빌딩)",37.52921367864076,126.9208417369954,09~16시,climate_shelter
당산역금융센터,서울 영등포구 당산로41길 11,37.5308321746442,126.8980952050001,09~16시,climate_shelter
영등포,서울특별시 영등포구 영중로 27,37.518772109629104,126.9050369470052,09~16시,climate_shelter
당산동,서울특별시 영등포구 영등포로 109,37.52239056963441,126.89392326899758,09~16시,climate_shelter
선유도역,서울특별시 영등포구 양평로 99,37.53648670464637,126.89608192300516,09~16시,climate_shelter
목동현대금융센터,서울특별시 양천구 목동동로 293,37.528170572639844,126.8757542499985,09~16시,climate_shelter
신월동,서울특별시 양천구 신월로 163,37.51814255462475,126.84148078900124,09~16시,climate_shelter
목동역,서울특별시 양천구 목동로 212목동7단지아파트 A상가 1층,37.52782552463866,126.86849361400363,09~16시,climate_shelter
목동중앙,"서울특별시 양천구 목동동로 411,(부영그린타워3차)",37.53672483064962,126.88221391499464,09~16시,climate_shelter
목동,"서울특별시 양천구 목동서로 349(신정동,센트럴프라자 2층)",37.517406377625804,126.86530782500394,09~16시,climate_shelter
화곡역,"서울특별시 강서구 강서로 173,(터보빌딩)",37.54192375665467,126.83962565199718,09~16시,climate_shelter
등촌역,서울특별시 강서구 등촌로 229,37.55022425865885,126.86345852399673,09~16시,climate_shelter
가양역,서울특별시 강서구 화곡로 416,37.560021718671926,126.85537973200117,09~16시,climate_shelter
마곡역금융센터,서울 강서구 공항대로 195(마곡동),37.559924021670845,126.82913593599504,09~16시,climate_shelter
공항동,서울특별시 강서구 공항대로 17,37.56183933467739,126.80937168200171,09~16시,climate_shelter
양천향교역,서울 강서구 양천로 344,37.568318160677386,126.84026611599647,09~16시,climate_shelter
방화역,"서울특별시 강서구 금낭화로 135,(금강프라자)",37.57751754969021,126.81246763700028,09~16시,climate_shelter
김포공항,서울특별시 강서구 하늘길 177,37.55686911966786,126.80887269599656,09~16시,climate_shelter
이대서울병원,서울 강서구 공항대로 260(마곡동),37.557239398671584,126.83626636900276,09~16시,climate_shelter
난곡,서울특별시 관악구 난우길 2,37.47318851757822,126.91915767800451,09~16시,climate_shelter
신림동,"서울특별시 관악구 신원로 26,(신림동부아파트단지상가)",37.480247273584844,126.92965357699745,09~16시,climate_shelter
오류동,서울특별시 구로구 경인로 212,37.496062482601594,126.84452792500421,09~16시,climate_shelter
대학로금융센터,서울특별시 종로구 대학로 146,37.58425734270206,127.0020286640007,09~16시,climate_shelter
보문동,서울특별시 성북구 보문로 121,37.58579683569947,127.01879811899451,09~16시,climate_shelter
길음동,서울특별시 성북구 동소문로 229,37.60270071472157,127.02222504600157,09~16시,climate_shelter
돈암동,서울 성북구 동소문로 89(동소문동6가),37.59264024870785,127.01520020999848,09~16시,climate_shelter
서울대학교병원,"서울 종로구 대학로 101,서울대학교병원 대한외래 지하1층 (연건동)",37.57900221369293,126.99743774299783,09~16시,climate_shelter
강북금융센터,서울특별시 강북구 도봉로 364,37.63961519575835,127.02786129799912,09~16시,climate_shelter
미아동,서울특별시 강북구 도봉로 151,37.62233487974226,127.02740028200246,09~16시,climate_shelter
방학동,서울특별시 도봉구 방학로 136,37.66323309777958,127.03706655100196,09~16시,climate_shelter
쌍문역,서울특별시 도봉구 도봉로 468,37.64730116376812,127.03430816900048,09~16시,climate_shelter
돌곶이역,서울특별시 성북구 화랑로 254,37.61082743072663,127.05761235700297,09~16시,climate_shelter
노원역,서울특별시 노원구 동일로 1404,37.65399574977225,127.06105105700163,09~16시,climate_shelter
마들역,서울특별시 노원구 동일로 1546,37.66649441578683,127.05768695399554,09~16시,climate_shelter
수락산역,서울특별시 노원구 동일로 1673,37.67789724179641,127.05494204199613,09~16시,climate_shelter
중계동,"서울특별시 노원구 한글비석로 254,(대명프라자)",37.65038631076925,127.07710285499687,09~16시,climate_shelter
태릉역,서울특별시 노원구 동일로 1018,37.62098793374063,127.0748555750024,09~16시,climate_shelter
영업부,"서울특별시 중구 세종대로9길 20,(대경빌딩)",37.56112044667224,126.9745727909997,09~16시,climate_shelter
남대문,서울 중구 소월로 3-0대한화재빌딩,37.55937189767213,126.97620252200302,09~16시,climate_shelter
명동,서울특별시 중구 명동길 43,37.56402566267434,126.98475985699746,09~16시,climate_shelter
소공동,"서울특별시 중구 세종대로18길 16,(우성빌딩)",37.56354628067632,126.97801473699597,09~16시,climate_shelter
종로중앙,서울 종로구 돈화문로 26(묘동),37.571060709688176,126.9925130440014,09~16시,climate_shelter
종각역,서울특별시 종로구 종로 33,37.57101421968464,126.98143573499513,09~16시,climate_shelter
종로,서울특별시 종로구 우정국로 48,37.57335159668291,126.9833000930001,09~16시,climate_shelter
현대계동,"서울특별시 종로구 율곡로 75,(현대빌딩)",37.5777686616948,126.98751903599917,09~16시,climate_shelter
연지동,"서울특별시 종로구 김상옥로 30,(기독교연합회관)",37.572901106685016,127.00092045800518,09~16시,climate_shelter
제기동역,서울특별시 동대문구 왕산로 137,37.57856801168962,127.03872629500178,09~16시,climate_shelter
동대문,서울특별시 중구 마장로 11,37.56842290167714,127.01113851800079,09~16시,climate_shelter
동대문종합시장,서울시 종로구 종로 272동대문종합시장 신관 2층,37.57082681568603,127.00809411400017,09~16시,climate_shelter
창신동,"서울특별시 종로구 지봉로 29,(금호팔레스빌딩)",37.57249083468451,127.01529333400337,09~16시,climate_shelter
을지로5가,서울특별시 중구 을지로 213,37.56710839467926,127.00180659700536,09~16시,climate_shelter
충무로역,서울특별시 중구 퇴계로 216,37.561371270671984,126.99580104799483,09~16시,climate_shelter
신당동,서울특별시 중구 다산로 220,37.56265156267423,127.01548584099965,09~16시,climate_shelter
충무로,"서울 중구 퇴계로 173(충무로3가,극동빌딩)",37.561824118673165,126.99105851100023,09~16시,climate_shelter
동국대학교,"서울특별시 중구 필동로1길 30,(동국대학교)",37.55734563067296,127.00255894899603,09~16시,climate_shelter
광교영업부,서울 중구 청계천로 54,37.56838467667956,126.98336926699979,09~16시,climate_shelter
서울롯데,"서울특별시 중구 을지로 30,(롯데호텔)",37.56534046367983,126.98102933800251,09~16시,climate_shelter
을지로,서울특별시 중구 을지로 109,37.566485685681926,126.99009464800355,09~16시,climate_shelter
파이낸스센터,"서울특별시 중구 세종대로 136,(파이낸스빌딩)",37.568415042683185,126.97828397699782,09~16시,climate_shelter
서울시청금융센터,서울 중구 세종대로 110(태평로1가),37.56670100767539,126.9783467800021,09~16시,climate_shelter
구로구청,서울특별시 구로구 가마산로 245,37.49545916960019,126.88751141999576,09~16시,climate_shelter
강남구청,서울 강남구 학동로 426(삼성동),37.517322222625424,127.04738753200223,09~16시,climate_shelter
은평구청,서울특별시 은평구 은평로 195,37.60221555172014,126.92981084099655,09~16시,climate_shelter
성동구청,서울 성동구 고산자로 270(행당동),37.56342805267836,127.03690807199634,09~16시,climate_shelter
강북구청,서울 강북구 도봉로89길 13(수유동),37.63968765375508,127.0257045210015,09~16시,climate_shelter
서초구청,서울 서초구 남부순환로 2584(서초동),37.48359686459407,127.0325950209972,09~16시,climate_shelter
하계동,"서울특별시 노원구 섬밭로 209,(벽산아파트단지상가)",37.63496338875603,127.06566891599726,09~16시,climate_shelter
친절텔레콤 신도림점,"서울 구로구 경인로 661 107호 (신도림동, 신도림1차푸르지오)",37.50966203261971,126.88798641399964,09~19시,climate_shelter
친절텔레콤 대림삼거리점,서울 동작구 시흥대로 658 102호 (신대방동),37.49037365159799,126.90807609399933,09~19시,climate_shelter
이루리_신정점,서울 양천구 중앙로 235 (신정동),37.51737270562687,126.85381814500032,09~19시,climate_shelter
이루리_구로점,"서울 구로구 가마산로 285 101호 (구로동, 비즈트위트레드)",37.49709922660174,126.89168669600535,09~19시,climate_shelter
이루리 신월점 ,서울 양천구 지양로 77 (신월동),37.52232129362787,126.83320137699617,09~19시,climate_shelter
영웅앤제이 가양역점,서울 강서구 화곡로 402 1층 가양역 홈플러스옆 (등촌동),37.559133528674195,126.85436260699784,09~19시,climate_shelter
씨엔에프텔레콤 등촌점,서울 강서구 공항대로41길 65 그랜드종합 상가 1층 (등촌동),37.56072915067076,126.84607087099928,09~19시,climate_shelter
주식회사 케이비 등촌역점,"서울 양천구 목동중앙북로7길 13 1층 105호 KT매장 (목동, 남강빌딩)",37.54874877865632,126.86726444900359,09~19시,climate_shelter
케이비_염창역점,서울 양천구 목동중앙본로 123 101호 102호 (목동),37.546556286659175,126.87148110400251,09~19시,climate_shelter
와이씨 녹두미림점,"서울 관악구 대학길 16 1층 KT매장 (신림동, 녹두빌딩)",37.47003763157483,126.93790022399928,09~19시,climate_shelter
홍익텔레콤_신대방삼거리점,서울 동작구 상도로 82 101호 (대방동),37.499447485610794,126.92970712700243,09~19시,climate_shelter
홍익텔레콤_이수점,서울 동작구 동작대로 107 덕산건물 1층 (사당동),37.48608920659033,126.98182463999852,09~19시,climate_shelter
인성피플스_노량진역점,"서울 동작구 노량진로 150 1층 (노량진동, 삼영빌딩)",37.51349142962227,126.9425902479964,09~19시,climate_shelter
인성피플스_신림역점,서울 관악구 남부순환로 1604 1층 (신림동),37.48392625059257,126.92893369400281,09~19시,climate_shelter
다움 시흥사거리점,서울 금천구 시흥대로 236 와이즈플레이스 1동 101호 (시흥동),37.45498599756407,126.90099935199827,09~19시,climate_shelter
한백이동통신 공항시장역점,서울 강서구 방화동로 35 (방화동),37.56404315067544,126.8106739610037,09~19시,climate_shelter
한백이동통신 본동시장점,서울 강서구 화곡로 206 김대근한의원 1층 3호 (화곡동),37.543761413656334,126.84365433299479,09~19시,climate_shelter
한백이동통신_송정역점,서울 강서구 공항대로 24 1층 송정역 4번출구 50 M (공항동),37.56117318967768,126.80995834800292,09~19시,climate_shelter
한백이동통신 발산파크점,서울 강서구 공항대로 261 (마곡동),37.55913620366944,126.83650389600328,09~19시,climate_shelter
한백이동통신 마곡점,"서울 강서구 공항대로 168 747 110 (마곡동, 타워)",37.55924962667142,126.8261391449976,09~19시,climate_shelter
솔트네트워크_오류동역점,서울 구로구 경인로20길 10 1층 KT매장 (오류동),37.4953148785989,126.84369294500215,09~19시,climate_shelter
솔트네트워크_개봉역프라자점,"서울 구로구 경인로40길 47 105-106호 (개봉동, 개봉역프라자)",37.49452237959903,126.85912087299621,09~19시,climate_shelter
솔트네트워크_화곡중앙점,서울 강서구 가로공원로76길 56 1층 KT (화곡동),37.534537330644966,126.83781775400045,09~19시,climate_shelter
화이트정보통신_파리공원점,"서울 양천구 목동서로 61 우리은행건물 1층 107호 (목동, 부영그린타운1차앞)",37.53637651165018,126.8795027099989,09~19시,climate_shelter
연세컴퍼니_목동사거리점,서울 강서구 등촌로 25 (화곡동),37.53218943663991,126.86353779400125,09~19시,climate_shelter
연세컴퍼니_문래역점,"서울 영등포구 선유로 63 108호 문래역 (문래동6가, EEU동신타워)",37.51958652062918,126.88906203600398,09~19시,climate_shelter
연세컴퍼니_우장산역점,"서울 강서구 강서로45길 9 1층 우장산역 (화곡동, 경신빌딩)",37.54773749166295,126.83563107999902,09~19시,climate_shelter
연세컴퍼니_신정네거리역점,서울 양천구 중앙로 263 (신정동),37.51974961863366,126.85276189199658,09~19시,climate_shelter
연세컴퍼니_방화역점,"서울 강서구 금낭화로 135 1층 107호 108호 (방화동, 금강프라자빌딩)",37.57751754969021,126.81246763700028,09~19시,climate_shelter
연세컴퍼니_당산역점,서울 영등포구 양평로 18 (당산동6가),37.533014351645825,126.9042497240001,09~19시,climate_shelter
화이트정보통신_가산역점,"서울 금천구 벚꽃로 298 1층 108호 KT (가산동, 대륭포스트타워6차)",37.48140453258888,126.88388725599575,09~19시,climate_shelter
화이트정보통신_사당점,서울 동작구 남부순환로 2061 KT매장 (사당동),37.476890346583815,126.9778100109976,09~19시,climate_shelter
화이트정보통신_구로시장점,서울 구로구 도림로 69 1층 코너매장 (구로동),37.48962849060053,126.89105492700077,09~19시,climate_shelter
(주)예스모바일_구로디지털단지역점,서울 구로구 시흥대로 577 (구로동),37.48439120059248,126.90227487199778,09~19시,climate_shelter
(주)예스모바일_ 독산씨티렉스,서울 금천구 시흥대로 399 (독산동),37.46940590657073,126.8968690220054,09~19시,climate_shelter
(주)삼윈_까치산역점,서울 강서구 강서로16길 1 (화곡동),37.53269505664054,126.8465015359993,09~19시,climate_shelter
(주)삼윈_여의도점,서울 영등포구 여의나루로 42 여의도종합 상가 117호 (여의도동),37.521365031626786,126.92502078199992,09~19시,climate_shelter
일등텔레콤 화곡역점,서울 강서구 화곡로 157 103호 일부 (화곡동),37.54157863065399,126.83910794999449,09~19시,climate_shelter
대명텔레콤 청담점,서울 강남구 선릉로 812 1층 2층 (청담동),37.52430544563788,127.03972493100311,09~19시,climate_shelter
가온텔레콤_교대역점,"서울 서초구 반포대로22길 104 1층 (서초동, 크라운빌딩)",37.49122555359913,127.01383871799841,09~19시,climate_shelter
(주)만리장성_고속터미널역점,서울 서초구 신반포로 189 1층 (잠원동),37.50659524661365,127.0049410889957,09~19시,climate_shelter
300텔레콤_대치역점,서울 강남구 남부순환로 2927 대치클래시아 106호 (대치동),37.49363813660127,127.06037663600506,09~19시,climate_shelter
올포원텔레콤_잠실새내역점,"서울 송파구 석촌호수로 64 1층 (잠실동, 잠실빌딩)",37.510579577617115,127.0856038370018,09~19시,climate_shelter
(주)투유텔레콤_명일역점,서울 강동구 양재대로 1624 1층 (명일동),37.55040124466619,127.1441223370052,09~19시,climate_shelter
대박통신_암사역점,"서울 강동구 올림픽로 780 1층 (암사동, 예지빌딩)",37.550610550659115,127.12798434700274,09~19시,climate_shelter
모바일세상_개롱역점,"서울 송파구 오금로 404 1층 KT대리점 (가락동, 원일빌딩)",37.49762445760962,127.13511172099975,09~19시,climate_shelter
더킹컴퍼니_강일리버파크점,"서울 강동구 아리수로93길 9 106, 107호 (강일동, 골드프라자)",37.56524828367446,127.17437806700163,09~19시,climate_shelter
300텔레콤_상일역점,"서울 강동구 고덕로 385 4상가 (고덕동, 고덕그라시움)",37.5573662856711,127.16842769499452,09~19시,climate_shelter
L&C 컴퍼니_광장점,"서울 광진구 아차산로 537-17 11호 (광장동, 광장힐스테이트)",37.54315992365237,127.10022217300418,09~19시,climate_shelter
(주)세븐업_신내점,서울 중랑구 신내로 71 (신내동),37.60552517371681,127.09510457400398,09~19시,climate_shelter
(주)세븐업 망우점,"서울 중랑구 망우로 346 110호 (상봉동, 한일써너스빌)",37.597332478711444,127.09085537699819,09~19시,climate_shelter
(주)세븐업 면목역점,서울 중랑구 겸재로 180 안민병원 1층 (면목동),37.588204688706625,127.08793720900185,09~19시,climate_shelter
(주)세븐업 우림시장점,"서울 중랑구 망우로 410 1층 (망우동, 삼부빌딩)",37.59896709770919,127.09759565600469,09~19시,climate_shelter
디액션(구리) 동부시장점,서울 중랑구 망우로 212 (상봉동),37.593729435706045,127.07620514699693,09~19시,climate_shelter
디액션(구리) 사가정6호점,서울 중랑구 면목로 306 1층 KT (면목동),37.579412684695185,127.08773325700055,09~19시,climate_shelter
(주)단결_사가정역점,서울 중랑구 면목로 337 1층 KT매장 (면목동),37.58206050769851,127.08851317000388,09~19시,climate_shelter
(주)애니킹_석계역점,서울 노원구 화랑로 353 푸른치과의원건물 1층 (월계동),37.61548080673117,127.06701747800182,09~19시,climate_shelter
(주)피앤월드 미아사거리점,서울 강북구 숭인로 75 1층 KT (미아동),37.61241903973083,127.02989476899619,09~19시,climate_shelter
(주)피앤월드 쌍문1호점,"서울 도봉구 해등로 190 제116 117호 (쌍문동, 신원프라자)",37.65850191777979,127.03601162500074,09~19시,climate_shelter
(주)피앤월드 노원역점,"서울 노원구 노해로 495 1층 KT (상계동, 삼성빌딩)",37.65512649377541,127.06309898700171,09~19시,climate_shelter
(주)피앤월드 쌍문역점,서울 도봉구 도봉로 476 쉐르빌퍼스티 1층 104호 KT (창동),37.647876827761316,127.03476250599998,09~19시,climate_shelter
(주)피앤월드 중화역점,서울 중랑구 동일로 795 1층 KT대리점 (중화동),37.601405931717764,127.07913002700151,09~19시,climate_shelter
(주)피앤월드 수유역점,"서울 강북구 도봉로 334 1층 (번동, 영광빌딩)",37.63755019975529,127.02554161099617,09~19시,climate_shelter
(주)피앤월드 쌍문2호점,서울 도봉구 해등로 198 1층 KT (쌍문동),37.65835483777513,127.03491074899573,09~19시,climate_shelter
(주)피앤월드 노원2호점,서울 노원구 상계로 69 1층 KT (상계동),37.6564422187753,127.06266989199995,09~19시,climate_shelter
아너스컨설팅_노원역점,"서울 노원구 노해로83길 21 1층 103호 (상계동, 화용빌딩)",37.656203982771856,127.06402989099884,09~19시,climate_shelter
(주)영진랜드 수유역점,서울 강북구 도봉로89길 1 1층 (수유동),37.63890730675597,127.02610083300092,09~19시,climate_shelter
(주)지오컴퍼니 수유시장점,서울 강북구 도봉로 251 (수유동),37.63090777274581,127.02400056699668,09~19시,climate_shelter
(주)지오컴퍼니 수락산역점,서울 노원구 동일로 1673 (상계동),37.67789724179641,127.05494204199613,09~19시,climate_shelter
(주)지오컴퍼니 광운대역점,서울 노원구 광운로 66 1층 101 (월계동),37.62312545473962,127.06031317400466,09~19시,climate_shelter
(주)지오컴퍼니 마들역점,서울 노원구 동일로 1538 상계12단지종합 상가 105호 (상계동),37.66623970678769,127.0578510769964,09~19시,climate_shelter
(주)지오컴퍼니 미아사거리역점,"서울 강북구 도봉로 53 1층 KT (미아동, 금성빌딩)",37.61381758573164,127.0296050910032,09~19시,climate_shelter
(주)지오컴퍼니 쌍문역점,서울 도봉구 도봉로 475-1 (쌍문동),37.64830518176159,127.03413316899612,09~19시,climate_shelter
(주)지오컴퍼니 솔샘점,"서울 강북구 솔샘로 233 1층 KT매장 (미아동, 동북프라자)",37.62041900173733,127.0191004219984,09~19시,climate_shelter
(주)지오컴퍼니 석계역점,서울 노원구 화랑로 335 1층 102호 (월계동),37.615099538732,127.06498458300455,09~19시,climate_shelter
(주)지오컴퍼니 방학점,서울 도봉구 도봉로153길 29 (방학동),37.66988159178784,127.04175916499855,09~19시,climate_shelter
XCIX 은행사거리본점,"서울 노원구 한글비석로 245 1층 (중계동, 두타빌)",37.64926486776524,127.07636094300469,09~19시,climate_shelter
혜성아이앤씨 공릉점,서울 노원구 공릉로 192 (공릉동),37.62705374874069,127.07911022200231,09~19시,climate_shelter
진서정보통신_방학도깨비시장점,서울 도봉구 도당로13길 9 (방학동),37.66513789078273,127.03558172200293,09~19시,climate_shelter
디액션_노원역점,"서울 노원구 동일로 1401 103호 (상계동, 상아빌딩)",37.653554986772065,127.06039272199462,09~19시,climate_shelter
디액션_신창시장점,서울 도봉구 덕릉로 239 1층 1호 (창동),37.639159804755884,127.0382531449967,09~19시,climate_shelter
(주)에이치커넥션 미아역1호점,"서울 강북구 도봉로 187 101호 KT (미아동, 태근빌딩)",37.625418815744446,127.02622656200501,09~19시,climate_shelter
(주)에이치커넥션 미아역점,서울 강북구 도봉로 178 1층 KT (미아동),37.624718933745385,127.02715625599998,09~19시,climate_shelter
(주)에이치커넥션 창동역점,"서울 도봉구 마들로11길 71 1층 103호 104호 (창동, 신한빌딩)",37.65333579677252,127.04932937200562,09~19시,climate_shelter
(주)에이치커넥션 창동본점,서울 도봉구 노해로63길 84 (창동),37.652765517768884,127.04657612799619,09~19시,climate_shelter
(주)에이치커넥션 먹골역점,서울 중랑구 공릉로2길 8-4 칼튼테라스 105호 (묵동),37.61180694872769,127.07823794499802,09~19시,climate_shelter
(주)에이치커넥션 방학역점,서울 도봉구 도봉로 689 (방학동),37.6659989607815,127.04263116399775,09~19시,climate_shelter
(주)세븐업_경기북부_노원역점,"서울 노원구 노해로 488 102호 KT 매장 (상계동, 일서빌딩)",37.654335602771305,127.06216917699724,09~19시,climate_shelter
(주)세븐업_경기북부_공릉역점,"서울 노원구 동일로 1077 1층 (공릉동, 스테이션빌딩)",37.626051633743856,127.07243747200118,09~19시,climate_shelter
(주)세븐업_경기북부_수유역점,서울 강북구 도봉로 339 1층 (수유동),37.63825364975821,127.02548946399594,09~19시,climate_shelter
도다텔_은평뉴타운점,"서울 은평구 진관3로 21 101동 116호 (진관동, 은평뉴타운엘크루)",37.639606219759834,126.91900684099505,09~19시,climate_shelter
하이팀_구산역점,"서울 은평구 서오릉로 139 1층 KT (역촌동, 주영빌딩)",37.61084566472937,126.9174927039969,09~19시,climate_shelter
하이팀_홍대센트럴점,서울 마포구 홍익로 25 KT매장 (서교동),37.554394660668066,126.9219836110041,09~19시,climate_shelter
하이팀_연신내센트럴점,서울 은평구 통일로 855-13 1층 KT (갈현동),37.61918527573272,126.91988520100102,09~19시,climate_shelter
하이팀_역촌역점,서울 은평구 진흥로 105 1층 KT (역촌동),37.60630185971732,126.92253984399719,09~19시,climate_shelter
하이팀_응암시장점,서울 은평구 응암로 247 1층 KT대리점 (응암동),37.5941954657112,126.91785230499451,09~19시,climate_shelter
하이팀_범서점,"서울 은평구 통일로 842 1층 (불광동, 범서빌딩)",37.61869690373422,126.92205955099712,09~19시,climate_shelter
하이팀_망원시장점,서울 마포구 망원로 81 (망원동),37.557672705673774,126.90582661199582,09~19시,climate_shelter
하이팀_연신내스퀘어점,서울 은평구 연서로 216 아트캐슬주상복합 1층 106호 KT (대조동),37.617801161736914,126.92011688499768,09~19시,climate_shelter
하이팀_응암역점,"서울 은평구 은평로 82 126 1층 127호 (응암동, 해태드림타운)",37.59908182371336,126.91694209399851,09~19시,climate_shelter
엠에이치플러스_연신내점,서울 은평구 연서로 278 상가 (불광동),37.62074906673598,126.92538789399703,09~19시,climate_shelter
(주)에스비트_녹번역점,"서울 은평구 은평로 240 상가 1층 318호 KT (응암동, 힐스테이트녹번역)",37.60062410171794,126.93465181999954,09~19시,climate_shelter
HJY연신내역점,서울 은평구 연서로 228 상가주택 1층 (대조동),37.61849803573592,126.92068341999713,09~19시,climate_shelter
HJY합정역3호점,"서울 마포구 양화로 45 B동 418호 (서교동, 메세나폴리스)",37.55076109666371,126.91420061699714,09~19시,climate_shelter
HJY홍제역2호점,서울 서대문구 통일로 450 홍제역 12번 출구 사이 상가주택 (홍제동),37.58897540770209,126.94428978700343,09~19시,climate_shelter
HJY연신내역2호점 ,서울 은평구 연서로 217 1층 KT매장 (갈현동),37.61810988573776,126.91962501199959,09~19시,climate_shelter
HJY홍제역점,서울 서대문구 통일로 435-2 1층 (홍제동),37.58784746569895,126.94491978899784,09~19시,climate_shelter
HJY합정역2호점,서울 마포구 양화로 52 (서교동),37.5496773606591,126.9146677810023,09~19시,climate_shelter
HJY불광역점,서울 은평구 통일로 736 1층 불광역 8번출구 (불광동),37.61129838473116,126.9296079499957,09~19시,climate_shelter
HJY서대문역점,서울 서대문구 통일로 137 1층 (냉천동),37.56669837768179,126.96544895499662,09~19시,climate_shelter
HJY불광역2호점,서울 은평구 통일로 747 (대조동),37.6118111867281,126.9282969180035,09~19시,climate_shelter
HJY이대역점,서울 서대문구 이화여대길 33 1층 KT (대현동),37.55844364767233,126.94562414000006,09~19시,climate_shelter
(주)엠텔레콤_녹번점,"서울 은평구 진흥로 188 1층 KT (녹번동, 상일빌라)",37.6082774767243,126.93039033100364,09~19시,climate_shelter
(주)브로_신촌연세로점,서울 서대문구 연세로 20 1층 KT매장 (창천동),37.557479522670846,126.9370687200017,09~19시,climate_shelter
햇빛모바일_신촌현대점 ,"서울 마포구 신촌로 90 1층 KT (노고산동, 원준빌딩)",37.55531185566289,126.935539051999,09~19시,climate_shelter
햇빛모바일_불광역점,서울 은평구 불광로 27 1층 KT (대조동),37.61077196072301,126.92881509500397,09~19시,climate_shelter
모아폰_상암푸르지오시티점,"서울 마포구 월드컵북로54길 25 1층 106호 (상암동, 푸르지오센터)",37.58207213569216,126.88896853999519,09~19시,climate_shelter
(주)DRC 동묘역점,서울 종로구 종로 336 (창신동),37.57247107568709,127.01506338000021,09~19시,climate_shelter
(주)DRC 종로5가점,서울 종로구 종로 213 상가 1층 (종로5가),37.57120594068312,127.00136901999846,09~19시,climate_shelter
(주)거인통신_길음뉴타운점,"서울 성북구 길음로 33 상가 B동 지층 1호 올레매장 1층 (길음동, 길음뉴타운)",37.60827043572648,127.01910652099566,09~19시,climate_shelter
(주)거인통신_길음역점,"서울 성북구 길음로 11 128호 상가 (길음동, 길음역롯데캐슬트윈골드)",37.60378568571821,127.02343751100325,09~19시,climate_shelter
(주)유엔아이_명동점,"서울 중구 남대문로 66-1 1층 1호 (명동2가, 명덕빌딩)",37.56301718267394,126.98218360900314,09~19시,climate_shelter
(주)유엔아이_종각점,서울 종로구 종로 72 (종로2가),37.56994954168075,126.98538788499926,09~19시,climate_shelter
코어링크 혜화글로벌점,서울 종로구 대명길 46 (명륜2가),37.58298992369606,126.9990307280032,09~19시,climate_shelter
헤븐텔레콤_안암오거리점,서울 동대문구 약령시로 2-1 (제기동),37.58237748569973,127.0301168149987,09~19시,climate_shelter
㈜공일공정보 보문점,서울 성북구 보문로 115 1층 (보문동2가),37.58539894770111,127.01910627099979,09~19시,climate_shelter
(주)일등통신_마포역점,"서울 마포구 마포대로 53 113호 (도화동, 마포트라팰리스)",37.54143189065066,126.94705476099735,09~19시,climate_shelter
새암 성신여대역점,서울 성북구 아리랑로 16 (동선동4가),37.594213911704756,127.01651284699986,09~19시,climate_shelter
(주)브로_광화문 적선점,"서울 종로구 자하문로2길 4 1층 KT 올레 매장 (적선동, 경복빌딩)",37.576367314691225,126.97284355100406,09~19시,climate_shelter
언슈머 서울시청역점,서울 중구 무교로 14 (무교동),37.567142133682964,126.97937741400351,09~19시,climate_shelter
올웨이_중곡점,"서울 광진구 천호대로 655 (중곡동, 덕수빌딩)",37.552595501661465,127.08972261499699,09~19시,climate_shelter
올웨이_아차산점,서울 광진구 용마산로 60 1층 KT (중곡동),37.558919607667434,127.08789969899966,09~19시,climate_shelter
올웨이_광나루역점,"서울 광진구 천호대로 808 (광장동, 광장12차현대홈타운)",37.545076003652746,127.10280743900213,09~19시,climate_shelter
올웨이_한양대점,서울 성동구 마조로 30 한양대병원후문 1층 KT (행당동),37.5603732886683,127.04147489500143,09~19시,climate_shelter
올웨이_중곡2호점,서울 광진구 면목로 173 1층 KT (중곡동),37.56860344667981,127.08258650199865,09~19시,climate_shelter
올웨이_상왕십리점,"서울 성동구 왕십리로 410 L동 B1층 107호 (하왕십리동, 센트라스)",37.565404305681405,127.0252806389992,09~19시,climate_shelter
올웨이_군자점,서울 광진구 천호대로111길 10 (중곡동),37.55679386366465,127.08228411500484,09~19시,climate_shelter
(주)일등통신_수유점,서울 강북구 도봉로 363 (수유동),37.639943710759916,127.02726432399783,09~19시,climate_shelter
(주)일등통신_성수점,서울 성동구 아차산로7길 2 태화약국 (성수동2가),37.54541596765417,127.0542744869968,09~19시,climate_shelter
(주)일등통신_행당점,서울 성동구 고산자로 207 무학산부인과 1층 KT (행당동),37.558707697670314,127.03373141400373,09~19시,climate_shelter
탑클래스 모바일_청량리점,서울 동대문구 홍릉로 6-1 1층 KT (청량리동),37.58090256369486,127.04528261000162,09~19시,climate_shelter
탑클래스 모바일_구의역점,"서울 광진구 아차산로 380 (자양동, 세화빌딩)",37.53661658864355,127.08500071000088,09~19시,climate_shelter
탑클래스 모바일 장한평역점,"서울 동대문구 장한로 3 1층 KT매장 (장안동, 승원빌딩)",37.56213809167521,127.06457629200511,09~19시,climate_shelter
탑클래스 모바일_동대문역점,"서울 종로구 창신길 1 1층 (창신동, 영화빌딩)",37.571830746683766,127.01020232300183,09~19시,climate_shelter
(주)거성크루_건대역점,서울 광진구 동일로20길 72 무궁화공예문화교실 (자양동),37.54021577165036,127.06750869700461,09~19시,climate_shelter
(주)거성크루_한남오거리점,"서울 용산구 대사관로 76 (한남동, 거북빌딩)",37.53307077764735,127.00650378099994,09~19시,climate_shelter
(주)거성크루_경희대삼거리점,서울 동대문구 경희대로 1 1층 (회기동),37.59174855170666,127.05210483899563,09~19시,climate_shelter
(주)거성크루_세종대점,서울 광진구 광나루로 366-1 (화양동),37.54782768465494,127.0705148180004,09~19시,climate_shelter
(주)거성크루_건대랜드마크점,서울 광진구 능동로 91 1층 (자양동),37.53926087264895,127.07003940699931,09~19시,climate_shelter
(주)이지스컴_답십리점,서울 동대문구 전농로 102 (답십리동),37.573926765686664,127.05783042599988,09~19시,climate_shelter
(주)리테일앤컴퍼니_전농점,"서울 동대문구 사가정로 122 1층 102호 (전농동, 전농동하우스토리)",37.57720168769215,127.0585173190037,09~19시,climate_shelter
(주)리테일앤컴퍼니_신금호역점,"서울 성동구 금호로 150-1 1층 (금호동1가, 백상빌딩)",37.55444741666571,127.02045781300068,09~19시,climate_shelter
뉴미닝_경희대점,서울 동대문구 경희대로 18 1층 KT (회기동),37.59295478070589,127.05288097099856,09~19시,climate_shelter
뉴미닝_신설동역점,"서울 동대문구 한빛로 1 1층 101호 KT (신설동, 대학빌딩)",37.576257398691084,127.0238180239957,09~19시,climate_shelter
제이엠커뮤니케이션_답십리점,서울 성동구 용답중앙15길 12-1 (용답동),37.564416728673834,127.05386420899822,09~19시,climate_shelter
제이엠커뮤니케이션_금호역점,서울 성동구 장터길 9 (금호동3가),37.548543451659576,127.01687337699948,09~19시,climate_shelter
제이엠커뮤니케이션_휘경점,"서울 동대문구 망우로 46 401동 1103호 KT 매장 (휘경동, 회기역하트리움)",37.58859061270265,127.05825373299537,09~19시,climate_shelter
모바일라운지_구의역점,"서울 광진구 아차산로 401 1층 (구의동, 영창빌딩)",37.53764432964543,127.0872567890034,09~19시,climate_shelter
모바일라운지_장안동사거리점,"서울 동대문구 장한로25길 2 1층 KT 매장 (장안동, 상미빌딩)",37.57190121768295,127.07112050199886,09~19시,climate_shelter
모바일라운지_건대점,서울 광진구 능동로 123 1층 일부 (화양동),37.542039304655766,127.07133784799476,09~19시,climate_shelter
모바일라운지_건대스타시티점,"서울 광진구 아차산로 272 104호, B1층 (자양동, 더샵스타시티)",37.53841317365038,127.07319418899489,09~19시,climate_shelter
모바일라운지_화양점,서울 광진구 군자로 76 (군자동),37.54995632966572,127.07108589800109,09~19시,climate_shelter
olleh plaza 혜화점,서울 종로구 대학로 65 kt 혜화지점 1층 kt 플라자 혜화점,37.571626753684704,127.00580596000508,09~19시,climate_shelter
olleh plaza 용산점,서울 용산구 한강대로 297 우신빌딩 1층 kt플라자 용산점,37.54477866765247,126.97168393800179,09~19시,climate_shelter
olleh plaza 은평점,서울 은평구 통일로71길 16 kt 은평지점 1층 kt 플라자 은평점,37.613447360727676,126.92607576199505,09~19시,climate_shelter
olleh plaza 신촌점,서울시 마포구 양화로 175 마젤란21 오피스텔 1층,37.557715613670325,126.9243622360025,09~19시,climate_shelter
olleh plaza 답십리점,서울시 동대문구 천호대로 281 동부시장건물 1층 kt플라자 답십리점,37.567552190683486,127.05218316900488,09~19시,climate_shelter
olleh plaza 중랑점,서울 중랑구 봉우재로 59(면목동),37.59133966970323,127.07962875900066,09~19시,climate_shelter
olleh plaza 노원점,서울 노원구 노해로 502 kt 노원지점 1층 kt 플라자 노원점,37.654450882768096,127.06374570100452,09~19시,climate_shelter
olleh plaza 도봉점,서울 도봉구 도봉로110길 25 kt 도봉지점 1층 kt 플라자 도봉점,37.646407031763694,127.03489338799614,09~19시,climate_shelter
olleh plaza 강북점,서울 강북구 솔매로50길 43 kt 강북지점 1층 kt 플라자 강북점,37.624659575738825,127.02850175699898,09~19시,climate_shelter
olleh plaza 양재점,서울 강남구 남부순환로 2653 kt 양재지점 1층 kt 플라자 양재점,37.485855006589794,127.04032598799542,09~19시,climate_shelter
olleh plaza 강남점,서울 강남구 언주로 517 kt 강남지점 1층 kt 플라자 강남점,37.504281617608406,127.04154242500078,09~19시,climate_shelter
olleh plaza 서초점,서울 서초구 효령로 174 ktds빌딩 1층 kt 플라자 서초점,37.481779195584416,127.00295570399705,09~19시,climate_shelter
olleh plaza 송파점,서울 송파구 오금로 58 잠실아이스페이스 1층 101호 kt 플라자 송파점,37.5167297576241,127.10546841399571,09~19시,climate_shelter
olleh plaza 강동점,"서울 강동구 양재대로 1462, 남양빌딩 1~2층 kt 플라자 강동점",37.53623014964705,127.13977714899498,09~19시,climate_shelter
olleh plaza 강서점,서울 강서구 강서로5길 64 kt 강서지점 1층 kt 플라자 강서점,37.52941974863786,126.84847846000466,09~19시,climate_shelter
olleh plaza 구로점,서울 관악구 조원중앙로1길 26 kt 구로지점 1층 kt 플라자 구로점,37.480834598590434,126.90363409200175,09~19시,climate_shelter
olleh plaza 개봉점,서울 구로구 개봉로6길 12-5 kt 개봉지점 1층 kt 플라자 개봉점,37.48699640659146,126.85793398800193,09~19시,climate_shelter
olleh plaza 관악점,서울 관악구 청룡1길 34 kt 관악지점 1층 kt 플라자 관악점,37.480684299582954,126.94838485000221,09~19시,climate_shelter
KT플라자 사당점,"서울 서초구 동작대로 22 1층 (방배동, 삼미빌딩)",37.47846061758489,126.98211134799675,09~19시,climate_shelter
M&S성내직영점,서울 강동구 양재대로 1339 (성내동),37.52595219063599,127.13500966599656,09~19시,climate_shelter
M&S역삼직영점,서울 강남구 테헤란로 139-1 1층 (역삼동),37.50043946561104,127.03447141899701,09~19시,climate_shelter
M&S강남대로직영점,"서울 서초구 강남대로 359 1층 101호 (서초동, 대우도씨에빛2)",37.494840181602456,127.02859111500251,09~19시,climate_shelter
M&S교대역직영점,"서울 서초구 서초대로 286 1층 103호 (서초동, 서초프라자)",37.493184003596284,127.01304851800346,09~19시,climate_shelter
M&S가로수길직영점,"서울 강남구 도산대로 127 1층 (신사동, 경서빌딩)",37.517666753627786,127.02235835100024,09~19시,climate_shelter
M&S천호직영점,"서울 강동구 올림픽로 660 1층 (천호동, 천호엘크루주상복합)",37.540177338653436,127.12456061500328,09~19시,climate_shelter
M&S신논현직영점,"서울 서초구 강남대로 495 (반포동, 동일빌딩)",37.50630268261594,127.02319458900537,09~19시,climate_shelter
M&S양재시민의숲직영점,"서울 서초구 마방로2길 94 1층 (양재동, OSL빌딩)",37.46946738057941,127.03982022299947,09~19시,climate_shelter
M&S선릉사거리애드샵직영점,"서울 강남구 선릉로 515 1층 (역삼동, 동인빌딩)",37.505439362616386,127.04823910600368,09~19시,climate_shelter
M&S길동사거리직영점,서울 강동구 천호대로 1128 (성내동),37.534172934647714,127.13653173499922,09~19시,climate_shelter
M&S강남역직영점,"서울 강남구 테헤란로 120 강남역 1번출구 국기원사거리 (역삼동, 상경빌딩)",37.49859048260444,127.03085644499785,09~19시,climate_shelter
M&S선릉직영점,서울 강남구 선릉로 424 해창 상가 1층 2호 선릉역 2번출구 진선여고 사거리 (대치동),37.5029006006091,127.05006220700554,09~19시,climate_shelter
M&S신천역직영점,서울 송파구 올림픽로 124 (잠실동),37.51140949562388,127.0844138200046,09~19시,climate_shelter
M&S삼전직영점,서울 송파구 백제고분로 204 (삼전동),37.50374411261064,127.0892378810001,09~19시,climate_shelter
KT플라자 선릉역점,"서울 강남구 테헤란로 421 1층 101호 (삼성동, 암천빌딩)",37.50600471561245,127.05253513899962,09~19시,climate_shelter
M&S건대입구역직영점,서울 광진구 능동로 109 1층 (화양동),37.540882046648285,127.07077997599602,09~19시,climate_shelter
M&S삼양로직영점,서울 강북구 솔샘로 260 상가 (미아동),37.61920090673402,127.02143139599984,09~19시,climate_shelter
M&S면목역직영점,서울 중랑구 면목로 422 1층 KT매장 (면목동),37.58957835670769,127.08757366600047,09~19시,climate_shelter
M&S중계아울렛직영점,"서울 노원구 동일로204가길 34 1층 (중계동, 씨앤미복합빌딩)",37.64074982875361,127.06817213099922,09~19시,climate_shelter
M&S정릉직영점,"서울 성북구 보국문로 43 (정릉동, 야원빌딩)",37.60816760672407,127.00988449000296,09~19시,climate_shelter
M&S신용산역직영점,"서울 용산구 한강대로 95 105호 (한강로2가, 래미안용산)",37.52884898464045,126.9666286230033,09~19시,climate_shelter
M&S노원역직영점,"서울 노원구 동일로 1382 1층 KT매장 (상계동, 올림피아빌딩)",37.65198966377079,127.06155611599483,09~19시,climate_shelter
M&S연신내역직영점,"서울 은평구 통일로 842 1층 KT프라자 (불광동, 뱅뱅옆)",37.61869690373422,126.92205955099712,09~19시,climate_shelter
M&S상봉역직영점,서울 중랑구 망우로 306 1층 (상봉동),37.596349422708194,127.08644632999697,09~19시,climate_shelter
M&S먹골역직영점,서울 중랑구 동일로 890 1층 103호 KT 엠엔에스 (묵동),37.60991565972889,127.07818907699682,09~19시,climate_shelter
M&S구파발직영점,"서울 은평구 진관2로 19 1층 103호 (진관동, 휴먼프라자I)",37.634842578753585,126.91960847899946,09~19시,climate_shelter
M&S홍대애드샵플러스직영점,서울 마포구 양화로18길 3 (동교동),37.55703128666455,126.92457026400535,09~19시,climate_shelter
M&S상암애드샵직영점,"서울 마포구 월드컵북로 396 1층 104호 (상암동, 누리꿈스퀘어)",37.57942888569064,126.88978208799882,09~19시,climate_shelter
M&S신촌연세대직영점,"서울 서대문구 연세로 29 1층 KT (창천동, 혜인빌딩)",37.5582321186741,126.93670739399467,09~19시,climate_shelter
M&S광화문본점직영점,"서울 종로구 종로 19 104호 (종로1가, 르메이에르종로타운)",37.57084632768162,126.97992357000187,09~19시,climate_shelter
M&S광화문중앙직영점,서울 종로구 새문안로9길 25 1층 KT 매장 (당주동),37.57135210668325,126.9754818000048,09~19시,climate_shelter
M&S독립문역직영점,"서울 종로구 송월길 99 상가동 1층 2128호 (홍파동, 경희궁자이2단지)",37.56920701068524,126.96415285699834,09~19시,climate_shelter
M&S수유직영점,서울 강북구 도봉로 342 1층 KT (번동),37.63802673875142,127.02611912100164,09~19시,climate_shelter
M&S신당직영점,서울 중구 퇴계로 434 몽마 1층 (신당동),37.56549130668148,127.01976231999797,09~19시,climate_shelter
M&S을지로명동본점직영점,서울 중구 명동7길 25 KT매장 (을지로2가),37.56491423967704,126.98419206399703,09~19시,climate_shelter
M&S신촌역직영점,서울 마포구 백범로 3 신촌역 6번출구 서강대방향 M 30 (노고산동),37.554402796667425,126.93720484599582,09~19시,climate_shelter
M&S응암역직영점,"서울 은평구 은평로 63 KT프라자 응암역점 (역촌동, 비앤케이빌딩)",37.59909033271072,126.91483587599924,09~19시,climate_shelter
M&S자양번영로직영점,"서울 광진구 뚝섬로 590 1층 KT (자양동, 아주빌딩)",37.533135257646336,127.07529353100485,09~19시,climate_shelter
M&S명지대사거리직영점,서울 서대문구 증가로 144 1층 (남가좌동),37.577757947694906,126.92160896600022,09~19시,climate_shelter
M&S금호동직영점,"서울 성동구 독서당로 302 1층 KT (금호동4가, 대도프라자)",37.54757122765542,127.02270208999512,09~19시,climate_shelter
M&S종로본점직영점,"서울 종로구 삼일대로 393 (관철동, 규당빌딩)",37.56966436467913,126.98738696899474,09~19시,climate_shelter
M&S상계역직영점,서울 노원구 한글비석로20길 23-16 (중계동),37.66049283777816,127.07372632699816,09~19시,climate_shelter
M&S대학로본점직영점,서울 종로구 대명길 6 (명륜2가),37.58376092169497,127.00107488599552,09~19시,climate_shelter
M&S성신여대직영점,서울 성북구 동소문로 98 1층 (동소문동5가),37.59225209871091,127.01617250300201,09~19시,climate_shelter
M&S외대역직영점,서울 동대문구 휘경로 7 1층 (이문동),37.59640250071014,127.06111749199904,09~19시,climate_shelter
M&S한성대직영점,"서울 성북구 동소문로 16 1층 KT (동소문동2가, 일신빌딩)",37.58901586070406,127.00797893299502,09~19시,climate_shelter
M&S신길직영점,"서울 영등포구 도신로60길 2 (신길동, 미주메디컬빌딩)",37.51179005161691,126.9168141649958,09~19시,climate_shelter
M&S영등포구청역직영점,서울 영등포구 당산로 132 영등포구청 역 (당산동3가),37.526278489634095,126.89700008200074,09~19시,climate_shelter
M&S이수역직영점,서울 동작구 동작대로 127 1층 KT매장 (사당동),37.48796830759944,126.98194365600214,09~19시,climate_shelter
M&S까치산역직영점,서울 강서구 강서로 47 (화곡동),37.53190567164585,126.84626824399524,09~19시,climate_shelter
M&S신정네거리역직영점,서울 양천구 중앙로 274 (신정동),37.52075998463065,126.85311024699995,09~19시,climate_shelter
M&S가양역직영점,서울 강서구 양천로 460 (등촌동),37.56254771067406,126.85172750500433,09~19시,climate_shelter
M&S우장산역직영점,"서울 강서구 강서로 251 1층 (내발산동, 세란빌딩)",37.54812471765874,126.83601918699675,09~19시,climate_shelter
M&S대림역직영점,서울 영등포구 도림로 135 (대림동),37.4932362775974,126.8968963529972,09~19시,climate_shelter
M&S마곡나루역직영점,"서울 강서구 마곡중앙5로1길 20 107호 108호 (마곡동, 마곡나루역보타닉비즈타워)",37.56873160267974,126.82672001199663,09~19시,climate_shelter
M&S관악구청직영점,"서울 관악구 쑥고개로 139 (봉천동, 승원빌딩)",37.47887547158782,126.95202364600267,09~19시,climate_shelter
M&S당산직영점,서울 영등포구 양평로 52 당산역 (당산동6가),37.53465532864623,126.90087529500293,09~19시,climate_shelter
M&S목동역직영점,서울 양천구 목동로 201 1층 KT매장 (신정동),37.52642994463576,126.8639278009985,09~19시,climate_shelter
M&S오목교직영점,"서울 양천구 목동동로 293 (목동, 현대41타워)",37.528170572639844,126.8757542499985,09~19시,climate_shelter
M&S서울대직영점,서울 관악구 관악로 198 1층 KT매장 (봉천동),37.482550036589146,126.95397818000305,09~19시,climate_shelter
M&S노량진직영점,서울 동작구 노량진로 162 1층 KT (노량진동),37.51339257262211,126.9439581909944,09~19시,climate_shelter
M&S화곡역직영점,"서울 강서구 화곡로 164 1층 KT매장 (화곡동, 화곡빌딩)",37.54125303665064,126.83988778699526,09~19시,climate_shelter
M&S여의도역직영점,"서울 영등포구 국제금융로2길 37 101호 여의도역 (여의도동, 에스트레뉴빌딩)",37.52294519363295,126.92428559200488,09~19시,climate_shelter
M&S신림직영점,서울 관악구 신림로 360-1 1층 KT매장 (신림동),37.48649289359748,126.92945736399861,09~19시,climate_shelter
M&S발산역직영점 ,서울 강서구 강서로 391 문영비즈웍스제1층 제105호 (마곡동),37.560547084672926,126.83842718099757,09~19시,climate_shelter
M&S당곡역직영점,"서울 관악구 봉천로 212 (신림동, 희성빌딩)",37.48963049959739,126.92507730699448,09~19시,climate_shelter
KT플라자 신길뉴타운점,"서울 영등포구 신길로 28길 9, 20호",37.503319164615654,126.91098593799923,09~19시,climate_shelter
(주)에이치커넥션 노원역점,"서울특별시 노원구 동일로 1390 (상계동, 상계주공6단지아파트) 1층 KT",37.65271809976822,127.0615199550052,24시간,climate_shelter
M&S구로디지털직영점,서울특별시 구로구 디지털로34길 55 (구로동) 코오롱싸이언스밸리 112호,37.48434594359266,126.89928508700315,09~19시,climate_shelter
